{
    "mapping": {
        "keep": " keep",
        "raise": " raise",
        "stay with": " stay with",
        "range from": " range from",
        "release": " release",
        "plant in": " plant in",
        "encourage": " encourage",
        "allow": " allow",
        "suggest": " suggest",
        "understand": " understand",
        "walk on": " walk on",
        "harm": " harm",
        "range in": " range in",
        "extract from": " extract from",
        "thrive on": " thrive on",
        "develop in": " develop in",
        "move to": " move to",
        "limit": " limit",
        "affect by": " affect by",
        "shoot": " shoot",
        "feed upon": " feed upon",
        "supply to": " supply to",
        "find on": " find on",
        "shake": " shake",
        "construct": " construct",
        "care for": " care for",
        "to explore": " to explore",
        "write by": " write by",
        "dominate by": " dominate by",
        "hibernate in": " hibernate in",
        "fight for": " fight for",
        "perform by": " perform by",
        "to conserve": " to conserve",
        "consist of": " consist of",
        "to learn": " to learn",
        "show": " show",
        "focus on": " focus on",
        "transform into": " transform into",
        "to evaluate": " to evaluate",
        "result from": " result from",
        "discover": " discover",
        "feed on": " feed on",
        "is member of": " is member of",
        "graze in": " graze in",
        "invade": " invade",
        "exacerbate": " exacerbate",
        "survive for": " survive for",
        "prey upon": " prey upon",
        "feel": " feel",
        "choose": " choose",
        "be present in": " be present in",
        "attack": " attack",
        "nest on": " nest on",
        "publish in": " publish in",
        "intersperse with": " intersperse with",
        "pursue": " pursue",
        "swim in": " swim in",
        "allow for": " allow for",
        "correspond to": " correspond to",
        "select": " select",
        "decrease": " decrease",
        "increase over": " increase over",
        "access": " access",
        "appreciate": " appreciate",
        "follow": " follow",
        "grow from": " grow from",
        "spot": " spot",
        "die at": " die at",
        "point out": " point out",
        "facilitate": " facilitate",
        "is known as": " is known as",
        "release into": " release into",
        "seize": " seize",
        "spread to": " spread to",
        "play": " play",
        "deliver": " deliver",
        "die of": " die of",
        "hibernate during": " hibernate during",
        "measure in": " measure in",
        "produce": " produce",
        "last for": " last for",
        "live in": " live in",
        "predict": " predict",
        "persist for": " persist for",
        "act as": " act as",
        "turn": " turn",
        "divide into": " divide into",
        "be descend from": " be descend from",
        "break down": " break down",
        "diagnose with": " diagnose with",
        "die from": " die from",
        "eat by": " eat by",
        "overcome": " overcome",
        "mate for": " mate for",
        "refer to": " refer to",
        "sing": " sing",
        "become": " become",
        "spread": " spread",
        "be near": " be near",
        "live near": " live near",
        "come into": " come into",
        "store in": " store in",
        "grow into": " grow into",
        "do by": " do by",
        "offer": " offer",
        "lift": " lift",
        "examine": " examine",
        "evolve over": " evolve over",
        "exert by": " exert by",
        "grow for": " grow for",
        "sleep in": " sleep in",
        "hear": " hear",
        "connect": " connect",
        "sit on": " sit on",
        "go through": " go through",
        "to support": " to support",
        "flower in": " flower in",
        "heat": " heat",
        "capture": " capture",
        "ride": " ride",
        "help prevent": " help prevent",
        "may have": " may have",
        "leave": " leave",
        "occur across": " occur across",
        "care about": " care about",
        "can have": " can have",
        "find": " find",
        "migrate to": " migrate to",
        "cross": " cross",
        "accept": " accept",
        "reduce": " reduce",
        "lay": " lay",
        "gather": " gather",
        "to study": " to study",
        "touch": " touch",
        "browse on": " browse on",
        "to make": " to make",
        "meet": " meet",
        "expel": " expel",
        "develop": " develop",
        "secrete by": " secrete by",
        "accompany by": " accompany by",
        "surround": " surround",
        "come out of": " come out of",
        "threaten": " threaten",
        "mate in": " mate in",
        "defend": " defend",
        "carry out": " carry out",
        "interact with": " interact with",
        "to achieve": " to achieve",
        "make of": " make of",
        "tolerate": " tolerate",
        "solve": " solve",
        "ensure": " ensure",
        "conserve": " conserve",
        "learn about": " learn about",
        "push": " push",
        "evaluate": " evaluate",
        "impact": " impact",
        "life in": " life in",
        "highlight": " highlight",
        "produce by": " produce by",
        "challenge": " challenge",
        "graze": " graze",
        "span": " span",
        "belong to": " belong to",
        "acquire": " acquire",
        "relate to": " relate to",
        "concern": " concern",
        "grow as": " grow as",
        "prefer": " prefer",
        "spin": " spin",
        "destroy": " destroy",
        "suffer from": " suffer from",
        "escape": " escape",
        "engage in": " engage in",
        "deal with": " deal with",
        "follow by": " follow by",
        "feed": " feed",
        "act like": " act like",
        "promote": " promote",
        "stretch": " stretch",
        "penetrate": " penetrate",
        "assume": " assume",
        "apply to": " apply to",
        "climb": " climb",
        "give": " give",
        "chase": " chase",
        "store": " store",
        "estimate": " estimate",
        "face": " face",
        "base on": " base on",
        "come in": " come in",
        "occur within": " occur within",
        "send": " send",
        "recover from": " recover from",
        "benefit": " benefit",
        "dig": " dig",
        "avoid": " avoid",
        "emphasize": " emphasize",
        "fall in": " fall in",
        "take by": " take by",
        "call for": " call for",
        "work with": " work with",
        "happen in": " happen in",
        "move from": " move from",
        "prey on": " prey on",
        "achieve": " achieve",
        "train in": " train in",
        "create by": " create by",
        "fall on": " fall on",
        "dissolve in": " dissolve in",
        "to take": " to take",
        "be disperse by": " be disperse by",
        "power": " power",
        "survive on": " survive on",
        "assist in": " assist in",
        "catch": " catch",
        "occur on": " occur on",
        "disperse": " disperse",
        "occur under": " occur under",
        "live to": " live to",
        "convert": " convert",
        "be transmit to": " be transmit to",
        "bind to": " bind to",
        "undergo": " undergo",
        "account for": " account for",
        "will have": " will have",
        "go into": " go into",
        "to survive": " to survive",
        "attain": " attain",
        "alter": " alter",
        "prevent": " prevent",
        "go to": " go to",
        "record": " record",
        "adapt to": " adapt to",
        "to explain": " to explain",
        "devise": " devise",
        "stand in": " stand in",
        "infect": " infect",
        "to provide": " to provide",
        "use by": " use by",
        "present": " present",
        "make by": " make by",
        "to apply": " to apply",
        "utilize": " utilize",
        "seek out": " seek out",
        "hang from": " hang from",
        "occur after": " occur after",
        "hunt at": " hunt at",
        "live up to": " live up to",
        "bind": " bind",
        "demand": " demand",
        "want": " want",
        "transfer by": " transfer by",
        "rest on": " rest on",
        "lower": " lower",
        "absorb": " absorb",
        "flow into": " flow into",
        "to perform": " to perform",
        "focus": " focus",
        "fall from": " fall from",
        "live over": " live over",
        "join": " join",
        "pass through": " pass through",
        "require": " require",
        "inform": " inform",
        "develop over": " develop over",
        "discuss": " discuss",
        "kill by": " kill by",
        "to detect": " to detect",
        "grow during": " grow during",
        "maintain": " maintain",
        "cause": " cause",
        "depend on": " depend on",
        "handle": " handle",
        "support by": " support by",
        "conduct": " conduct",
        "carry": " carry",
        "recognize": " recognize",
        "enter": " enter",
        "specialize in": " specialize in",
        "die in": " die in",
        "form by": " form by",
        "remain": " remain",
        "grow at": " grow at",
        "represent": " represent",
        "wash up on": " wash up on",
        "move through": " move through",
        "die after": " die after",
        "participate in": " participate in",
        "emit": " emit",
        "to become": " to become",
        "respond to": " respond to",
        "be classify in": " be classify in",
        "describe": " describe",
        "drive": " drive",
        "derive from": " derive from",
        "argue": " argue",
        "watch": " watch",
        "inherit": " inherit",
        "study": " study",
        "use in": " use in",
        "wait for": " wait for",
        "prepare for": " prepare for",
        "evolved from": " evolved from",
        "talk about": " talk about",
        "boost": " boost",
        "cite": " cite",
        "lack": " lack",
        "frequent by": " frequent by",
        "seek": " seek",
        "like": " like",
        "steal": " steal",
        "pollinate": " pollinate",
        "search for": " search for",
        "flow through": " flow through",
        "take over": " take over",
        "dissipate": " dissipate",
        "rely on": " rely on",
        "begin in": " begin in",
        "originate in": " originate in",
        "hunt": " hunt",
        "kill": " kill",
        "complain of": " complain of",
        "to develop": " to develop",
        "find in": " find in",
        "create": " create",
        "should have": " should have",
        "appoint": " appoint",
        "expose to": " expose to",
        "exceed": " exceed",
        "pass into": " pass into",
        "appear in": " appear in",
        "adapt": " adapt",
        "fall as": " fall as",
        "dive into": " dive into",
        "float in": " float in",
        "emerge from": " emerge from",
        "bury": " bury",
        "to live": " to live",
        "guide": " guide",
        "lie in": " lie in",
        "ask": " ask",
        "hit": " hit",
        "arrive at": " arrive at",
        "resemble": " resemble",
        "transform": " transform",
        "evaporate from": " evaporate from",
        "knock on": " knock on",
        "experience": " experience",
        "throw": " throw",
        "regenerate": " regenerate",
        "close": " close",
        "lead to": " lead to",
        "surround by": " surround by",
        "include": " include",
        "release by": " release by",
        "transfer": " transfer",
        "to cope with": " to cope with",
        "stand on": " stand on",
        "could have": " could have",
        "work for": " work for",
        "hate": " hate",
        "to adapt to": " to adapt to",
        "inhabit": " inhabit",
        "extend": " extend",
        "descend from": " descend from",
        "graze on": " graze on",
        "harbor": " harbor",
        "open into": " open into",
        "absorb by": " absorb by",
        "contact": " contact",
        "reside in": " reside in",
        "is-part-of": " is part of",
        "compete with": " compete with",
        "power by": " power by",
        "damage": " damage",
        "develop from": " develop from",
        "experience by": " experience by",
        "serve as": " serve as",
        "have short": " have short",
        "has-part": " has part",
        "possess": " possess",
        "do": " do",
        "make": " make",
        "separate": " separate",
        "emerge in": " emerge in",
        "to understand": " to understand",
        "sense": " sense",
        "identify": " identify",
        "report": " report",
        "weigh": " weigh",
        "shed": " shed",
        "fold": " fold",
        "classify": " classify",
        "to seek": " to seek",
        "require for": " require for",
        "perch in": " perch in",
        "open": " open",
        "swallow": " swallow",
        "give birth to": " give birth to",
        "move into": " move into",
        "act on": " act on",
        "learn": " learn",
        "contribute to": " contribute to",
        "feed in": " feed in",
        "employ": " employ",
        "know": " know",
        "vary from": " vary from",
        "celebrate": " celebrate",
        "to assess": " to assess",
        "exist in": " exist in",
        "interfere with": " interfere with",
        "pick up": " pick up",
        "to attend": " to attend",
        "accumulate in": " accumulate in",
        "dissolve": " dissolve",
        "is inside": " is inside",
        "sell": " sell",
        "to follow": " to follow",
        "arise from": " arise from",
        "dedicate to": " dedicate to",
        "be diagnose with": " be diagnose with",
        "live at": " live at",
        "sprout": " sprout",
        "stalk": " stalk",
        "return to": " return to",
        "protect": " protect",
        "mix with": " mix with",
        "occupy": " occupy",
        "remain in": " remain in",
        "occur over": " occur over",
        "grow over": " grow over",
        "attract": " attract",
        "serve with": " serve with",
        "talk to": " talk to",
        "impair": " impair",
        "dominate": " dominate",
        "deserve": " deserve",
        "germinate in": " germinate in",
        "ask for": " ask for",
        "live for": " live for",
        "must have": " must have",
        "to experience": " to experience",
        "work": " work",
        "advise": " advise",
        "make with": " make with",
        "live on": " live on",
        "to produce": " to produce",
        "sire": " sire",
        "trigger": " trigger",
        "transmit": " transmit",
        "come to": " come to",
        "look like": " look like",
        "to help": " to help",
        "draw from": " draw from",
        "compose of": " compose of",
        "form": " form",
        "bite": " bite",
        "accelerate": " accelerate",
        "observe": " observe",
        "increase during": " increase during",
        "to share": " to share",
        "drink": " drink",
        "eat": " eat",
        "affect": " affect",
        "expend": " expend",
        "extend from": " extend from",
        "cause by": " cause by",
        "calculate": " calculate",
        "add": " add",
        "grow throughout": " grow throughout",
        "hold": " hold",
        "excrete": " excrete",
        "venture into": " venture into",
        "begin": " begin",
        "irritate": " irritate",
        "turn into": " turn into",
        "associate with": " associate with",
        "consume by": " consume by",
        "originate from": " originate from",
        "adapt for": " adapt for",
        "need to": " need to",
        "fly over": " fly over",
        "harvest": " harvest",
        "to survive in": " to survive in",
        "change into": " change into",
        "generally have": " generally have",
        "suck": " suck",
        "is located on": " is located on",
        "grow": " grow",
        "connect by": " connect by",
        "evolve from": " evolve from",
        "react to": " react to",
        "can do": " can do",
        "burrow into": " burrow into",
        "flow from": " flow from",
        "appear during": " appear during",
        "soak in": " soak in",
        "use": " use",
        "hide in": " hide in",
        "distinguish": " distinguish",
        "pull": " pull",
        "serve": " serve",
        "be engage in": " be engage in",
        "encounter": " encounter",
        "complete": " complete",
        "work in": " work in",
        "stay in": " stay in",
        "pass": " pass",
        "to discuss": " to discuss",
        "nest": " nest",
        "advance": " advance",
        "indicate": " indicate",
        "induce": " induce",
        "lose": " lose",
        "need": " need",
        "occur at": " occur at",
        "move": " move",
        "cover": " cover",
        "mate during": " mate during",
        "occur in": " occur in",
        "benefit from": " benefit from",
        "survive in": " survive in",
        "spend": " spend",
        "last from": " last from",
        "investigate": " investigate",
        "survive to": " survive to",
        "to participate in": " to participate in",
        "produce in": " produce in",
        "is located in": " is located in",
        "treat": " treat",
        "forage in": " forage in",
        "control": " control",
        "issue": " issue",
        "appear on": " appear on",
        "share": " share",
        "detect": " detect",
        "measure": " measure",
        "receive": " receive",
        "involve": " involve",
        "make from": " make from",
        "sit in": " sit in",
        "hide": " hide",
        "occur during": " occur during",
        "grow to": " grow to",
        "thrive in": " thrive in",
        "remain with": " remain with",
        "to eat": " to eat",
        "build": " build",
        "be assign to": " be assign to",
        "confirm": " confirm",
        "digest": " digest",
        "escape from": " escape from",
        "analyze": " analyze",
        "determine": " determine",
        "to engage in": " to engage in",
        "wear": " wear",
        "explain": " explain",
        "infest": " infest",
        "provide by": " provide by",
        "live during": " live during",
        "ambush": " ambush",
        "provide": " provide",
        "increase": " increase",
        "compete for": " compete for",
        "generate by": " generate by",
        "take": " take",
        "love": " love",
        "cut into": " cut into",
        "draw": " draw",
        "play in": " play in",
        "work on": " work on",
        "produce during": " produce during",
        "consume": " consume",
        "to identify": " to identify",
        "establish": " establish",
        "approach": " approach",
        "enable": " enable",
        "advance to": " advance to",
        "remove": " remove",
        "grow up in": " grow up in",
        "lead by": " lead by",
        "to attract": " to attract",
        "characterize by": " characterize by",
        "do have": " do have",
        "roam": " roam",
        "enhance": " enhance",
        "lead": " lead",
        "look at": " look at",
        "fire": " fire",
        "swim through": " swim through",
        "supply": " supply",
        "work as": " work as",
        "react with": " react with",
        "come from": " come from",
        "would have": " would have",
        "chew": " chew",
        "test": " test",
        "reach": " reach",
        "help": " help",
        "fill with": " fill with",
        "develop into": " develop into",
        "nest in": " nest in",
        "recommend": " recommend",
        "enter into": " enter into",
        "have have": " have have",
        "use for": " use for",
        "depend upon": " depend upon",
        "trap": " trap",
        "give off": " give off",
        "vary among": " vary among",
        "make up": " make up",
        "change": " change",
        "collect": " collect",
        "disprove": " disprove",
        "forage for": " forage for",
        "involve in": " involve in",
        "be classify as": " be classify as",
        "write": " write",
        "warm": " warm",
        "improve": " improve",
        "support": " support",
        "to drink": " to drink",
        "get": " get",
        "teach": " teach",
        "pose": " pose",
        "say in": " say in",
        "present with": " present with",
        "need for": " need for",
        "explore": " explore",
        "live along": " live along",
        "travels through": " travels through",
        "feature": " feature",
        "work at": " work at",
        "perform": " perform",
        "be train in": " be train in",
        "operate": " operate",
        "grow in": " grow in",
        "to treat": " to treat",
        "exhibit": " exhibit",
        "to find": " to find",
        "survive": " survive",
        "see": " see",
        "flap": " flap",
        "retain": " retain",
        "own": " own",
        "bloom in": " bloom in",
        "aid in": " aid in",
        "groom": " groom",
        "grow on": " grow on",
        "have": " have",
        "combine": " combine",
        "apply": " apply",
        "secrete": " secrete",
        "fill": " fill",
        "buy": " buy",
        "cover by": " cover by",
        "combine with": " combine with",
        "grow up to": " grow up to",
        "to use": " to use",
        "cover with": " cover with",
        "make up of": " make up of",
        "change over": " change over",
        "infect with": " infect with",
        "vary in": " vary in",
        "attend": " attend",
        "inflict": " inflict",
        "grow under": " grow under",
        "express": " express",
        "top with": " top with",
        "hunt for": " hunt for",
        "accompany": " accompany",
        "take up": " take up",
        "result in": " result in",
        "retract": " retract",
        "force": " force",
        "suspend in": " suspend in",
        "collect in": " collect in",
        "employ in": " employ in",
        "bring": " bring",
        "look for": " look for",
        "contain": " contain",
        "ingest": " ingest",
        "continue for": " continue for",
        "visit": " visit"
    }
}