{
    "vocab": [],
    "mapping": {
        "ReceivesAction": " can be",
        "AtLocation": " is located at",
        "HasPrerequisite": " requires",
        "UsedFor": " is used for",
        "HasA": " has a",
        "IsA": " is a",
        "NotCapableOf": " cannot",
        "Causes": " causes",
        "HasSubevent": " has subevent",
        "CausesDesire": " makes people want",
        "HasProperty": " can be",
        "Desires": " wants",
        "CapableOf": " can",
        "NotIsA": " is not a",
        "HasFirstSubevent": " has first subevent",
        "NotHasProperty": " cannot be",
        "NotDesires": " does not want",
        "MotivatedByGoal": " is motivated by",
        "HasLastSubevent": " has last subevent",
        "PartOf": " is part of",
        "MadeOf": " is made of",
        "RelatedTo": " is related to",
        "DefinedAs": " is defined as",
        "NotHasA": " does not has a",
        "SymbolOf": " is symbol of",
        "CreatedBy": " is created by",
        "NotMadeOf": " is not made of",
        "InstanceOf": " is instance of",
        "DesireOf": " wants",
        "InheritsFrom": " inherits from",
        "LocatedNear": " is located near"
    }
}